Uginanie ramion z gumą|REPEAT|FITNESS|13|BICEPS|1) Pozycja stojąca, ustabilizowana sylwetka, mięśnie brzucha i pośladki mocno napięte.2) Ustabilizowane łokcie, które znajdują się możliwie jak najbliżej tułowia.3) Guma oporowa trzymana podchwytem, zablokowana pod stopami.|1) Utrzymując prawidłową pozycję wyjściową, weź wdech i wykonaj dokładne płynne zgięcie przedramion w pełnym zakresie ruchu.2) Utrzymaj maksymalnie napięty biceps przez ułamek sekundy.3) Następnie powolnym ruchem opuść przedramiona do pełnego rozciągnięcia, wykonaj również płynny wydech.|1) Nie bujaj ciałem.2) Nie odrywaj łokci.3) Trzymaj głowę w równej linii z plecami.4) Tylko przedramiona są ruchome.|video-uginanie-ramion-z-guma.mp4
Zginanie ramion ze sztangą nachwytem|REPEAT|SPLIT;FBW;FITNESS|14|BICEPS|1) Pozycja stojąca, ciało wyprostowane, sztanga trzymana nachwytem na szerokość braków.2) Stopy na szerokość barków, pośladki i brzuch mocno spięte.3) Pełne ustabilizowanie łokci, które znajdują się możliwie blisko tułowia.|1) Utrzymując prawidłową pozycję wyjściową, weź wdech i przytrzymując ramiona nieruchomo, wykonaj ugięcie przedramion ze sztangą do momentu szczytowego napięcia bicepsa, w którym sztanga powinna znajdować w okolicach wysokości barków. 2) Utrzymaj maksymalnie napięty biceps przez ułamek sekundy.3) Następnie powolnym ruchem rozpocznij opuszczanie, jednocześnie wypuszczając powietrze.|1) Każde powtórzenie wykonuj z pełnym rozciągnięciem mięśni. 2) Zadbaj o zachowanie prostej postawy.3) Napnij mięśnie brzucha i pośladki w celu dodatkowej stabilizacji odcinka lędźwiowego kręgosłupa.4) Nie szarp ciężaru. Zarówno łokcie, jak i ramiona są unieruchomione.5) Tylko przedramiona są ruchome.6) Unikaj zginania pleców i bujania tułowiem.7) Bądź skoncentrowany.|zginanie_ramion_ze_sztanga_nachwytem.mp4
Uginanie ramion na TRX|REPEAT|FITNESS|21|BICEPS|1) Złap za uchwyty TRX podchwytem, lekko odchyl ciało.2) Ramiona i nogi wyprostowane, ciało w jednej linii.|1) Utrzymując prawidłową pozycję wyjściową, weź wdech i zacznij uginać ramiona w łokciach. Podczas ćwiczenia utrzymuj łokcie na stałej wysokości, dłonie kieruj w stronę czoła.2) Wykonaj maksymalne zgięcie w łokciach, zatrzymaj ruch na ułamek sekundy. 3) Następnie wraz z wydechem zacznij powoli prostować ramiona i opuszczać ciało do pozycji wyjściowej. Prostując ramiona, utrzymuj łokcie bez ruchu.|1) Postaraj się zachować ciało w jednej linii podczas wykonywania ćwiczenia.2) Ćwiczenie wykonuj powoli, z pełnym wyczuciem zaangażowanej grupy mięśniowej.3) Podczas wykonywania ruchu skup się na prawidłowym utrzymaniu łokci.4) Zwróć uwagę na prawidłowe oddychanie.|uginanie_ramion_trx.mp4
Uginanie ramion z hantlami nachwytem|REPEAT|SPLIT;FBW;FITNESS|15|BICEPS|1) Stojąca, ustabilizowana sylwetka, mięśnie brzucha oraz pośladki mocno napięte. 2) Ustabilizowane łokcie, które znajdują się możliwie jak najbliżej tułowia.3) Sztangielki trzymane nachwytem.|1) Utrzymując prawidłową pozycję wyjściową, weź wdech i wykonaj dokładne płynne zgięcie przedramion w pełnym zakresie ruchu.2) Utrzymaj maksymalnie napięty biceps przez ułamek sekundy.3) Następnie powolnym ruchem opuść przedramiona do pełnego rozciągnięcia, wykonaj również płynny wydech.|1) Nie bujaj ciałem. 2) Nie szarp ciężaru. Nie odrywaj łokci.3) Trzymaj głowę w równej linii z plecami.4) Tylko przedramiona są ruchome.5) Bądź skoncentrowany.|uginanie_ramion_z_hantlami_nachwytem.mp4
Uginanie ramion z hantlami w oparciu o ławeczkę|REPEAT|SPLIT;FBW;FITNESS|15;4|BICEPS|1) Oprzyj klatkę piersiową o ławkę, kąt 30–45 stopni.2) Ramiona powinny znajdować się prostopadle do podłoża, dłonie trzymają hantle.|1) Utrzymując prawidłową pozycję wyjściową, wykonaj wdech i rozpocznij uginanie ramion. 2)  prowadź aż do maksymalnego spięcia, nie cofaj łokci. 3) W górnej fazie zatrzymaj ruch na pół sekundy, a następnie spokojnym tempem wraz z wydechem opuść ramiona do pełnego rozciągnięcia.|1) Utrzymuj stałe napięcie mięśni.2) Pamiętaj o dobraniu właściwego obciążenia.3) Bądź skoncentrowany.|uginanie_ramion_z_hantlami_w_oparciu_o_laweczke.mp4
Uginanie ramion ze sztangą w oparciu o ławeczkę|REPEAT|SPLIT;FBW;FITNESS|15;4|BICEPS|1) Oprzyj klatkę piersiową o ławkę, kąt 30–45 stopni.2) Złap sztangę łamaną podchwytem, ramiona powinny znajdować się prostopadle do podłoża.|1) Utrzymując prawidłową pozycję wyjściową, wykonaj wdech i rozpocznij uginanie ramion. 2)  prowadź aż do maksymalnego spięcia, nie cofaj łokci. 3) W górnej fazie zatrzymaj sztangę na pół sekundy, a następnie spokojnym ruchem wraz z wydechem opuść ramiona do pełnego rozciągnięcia.|1) Utrzymuj stałe napięcie mięśni.2) Pamiętaj o dobraniu właściwego obciążenia.3) Bądź skoncentrowany.|uginanie_ramion_ze_sztanga_w_oparciu_o_laweczke.mp4
Zginanie ramion z hantlami na modlitewniku chwytem młotkowym|REPEAT|SPLIT;FBW;FITNESS|24;15|BICEPS|1) Pozycja siedząca na modlitewniku, łokcie wsparte na pulpicie, plecy wyprostowane.2) Klatka piersiowa przylega do modlitewnika, łopatki ściągnięte. 3) Ramiona ugięte w łokciach, hantle blisko przy brodzie, trzymane chwytem młotkowym. 4) Nogi rozstawione w sposób pozwalający zachować stabilną pozycję.|1) Utrzymując prawidłową pozycję wyjściową, weź wdech, dokładnie, kontrolowanym ruchem opuść przedramię z ciężarem.2) Ramię opuszczaj do pełnego wyprostu, lecz nie pozwól na przeprost ramienia w łokciu. 3) Utrzymując powietrze, rozpocznij uginanie, w końcowej fazie wypuść powietrze. 4) Wykonaj zadaną liczbę powtórzeń.|1) Nie doprowadzaj do przeprostu w łokciach. 2) Nie szarp ciężaru. Nie odrywaj łokci od pulpitu. Pamiętaj o spokojnym odłożeniu ciężaru.3) Trzymaj głowę w równej linii z plecami.4) Tylko przedramiona są ruchome.5) Plecy są wyprostowane.6) Bądź skoncentrowany.|zginanie_ramion_z_hantlami_na_modlitewniku_chwytem_mlotkowym.mp4
Uginanie ramienia z linką wyciągu dolnego stojąc|REPEAT|SPLIT;FBW;FITNESS|22|BICEPS|1) Pozycja stojąca, tyłem do wyciągu dolnego, około pół metra od wyciągu.2) Brzuch i pośladki mocno napięte, ciało wyprostowane. 3) Uchwyt linki wyciągu dolnego trzymany w jednej dłoni, ramię lekko cofnięte.|1) Utrzymując prawidłową pozycję wyjściową, weź wdech i wykonaj dokładne, płynne zgięcie ramienia w pełnym zakresie ruchu aż do momentu, w którym przedramię dotknie bicepsa, a łokieć lekko się uniesie. 2) Przytrzymaj maksymalnie napięty biceps przez ułamek sekundy.3) Następnie wraz z wydechem powolnym ruchem opuść przedramię.| 1) Nie szarp ciężaru. 2) Trzymaj głowę w równej linii z plecami.3) Plecy są wyprostowane.4) Bądź skoncentrowany.|uginanie_ramienia_z_linka_dolnego_wyciagu_stojac.mp4
Zginanie ramion z hantlami na modlitewniku|REPEAT|SPLIT;FBW;FITNESS|24;15|BICEPS|1) Pozycja siedząca na modlitewniku, łokcie wsparte na pulpicie, plecy wyprostowane.2) Klatka piersiowa przylega do modlitewnika, łopatki ściągnięte. 3) Ramiona ugięte w łokciach, hantle blisko przy brodzie, kciuki skierowane na zewnątrz. 4) Nogi rozstawione w sposób pozwalający zachować stabilną pozycję.|1) Utrzymując prawidłową pozycję wyjściową, weź wdech, dokładnie, kontrolowanym ruchem opuść przedramię z ciężarem.2) Ramię opuszczaj do pełnego wyprostu, lecz nie pozwól na przeprost ramienia w łokciu. 3) Utrzymując powietrze, rozpocznij uginanie, w końcowej fazie wypuść powietrze. 4) Wykonaj zadaną liczbę powtórzeń.|1) Nie doprowadzaj do przeprostu w łokciach. 2) Nie szarp ciężaru. Nie odrywaj łokci od pulpitu. Pamiętaj o spokojnym odłożeniu ciężaru.3) Trzymaj głowę w równej linii z plecami.4) Tylko przedramiona są ruchome.5) Plecy są wyprostowane.6) Bądź skoncentrowany.|zginanie_ramion_z_hantlami_na_modlitewniku.mp4
Zottman curl|REPEAT|SPLIT;FBW;FITNESS|15|BICEPS|1) Pozycja stojąca. 2) Ramiona wzdłuż ciała, brzuch i pośladki napięte.3) Hantle w dłoniach w pozycji neutralnej – kciuki skierowane w przód.|1) Utrzymując prawidłową pozycję wyjściową, wykonaj wdech.2) Rozpocznij uginanie z jednoczesną rotacją zewnętrzną (supinacją), tak aby finalnie dłoń była skierowana kciukiem na zewnątrz.3) W górnej pozycji zatrzymaj uginanie i wykonaj pronację, czyli rotację wewnętrzną, tak aby kciuki skierowane były do siebie (nachwyt).4) W takim ułożeniu dłoni wykonaj opuszczanie znacznie wolniej niż podnoszenie, wracając do neutralnej pozycji ramion.|1) Nie szarp ciężaru. Trzymaj łokcie blisko ciała. Nie„bujaj” tułowiem. 2) Pamiętaj o kontrolowanym opuszczaniu ciężaru.3) Dobierz ciężar tak, aby każde powtórzenie było wykonane zgodnie z prawidłową techniką.4) Bądź skoncentrowany. Utrzymuj stałe napięcie mięśni brzucha oraz pośladków.|zotman_curl.mp4
Uginanie ramion z hantlami z rotacją|REPEAT|SPLIT;FBW;FITNESS|15;4|BICEPS|1) Pozycja stojąca. 2) Ramiona ułożone wzdłuż ciała, brzuch i pośladki napięte.3) Hantle w dłoniach w pozycji neutralnej – kciuki skierowane w przód.|1) Utrzymując prawidłową pozycję wyjściową, wykonaj wdech.2) Rozpocznij uginanie z jednoczesną rotacją zewnętrzną (supinacją), aby finalnie dłoń była skierowana kciukiem na zewnątrz.3) Zatrzymaj ruch na ułamek sekundy w pozycji końcowej. 4) Z wydechem wykonaj ruch opuszczania znacznie wolniejniż podnoszenia, wracając do neutralnej pozycji ramion.|1) Nie szarp ciężaru. Nie odrywaj łokci. Nie bujaj ciałem.2) Pamiętaj o kontrolowanym opuszczaniu ciężaru.3) Dobierz ciężar tak, aby każde powtórzenie było wykonane zgodnie z prawidłową techniką.4) Bądź skoncentrowany. Utrzymuj stałe napięcie mięśni brzucha i pośladków.|uginanie_ramion_z_hantlami_z_rotacja.mp4
Zginanie przedramienia z hantlem na modlitewniku|REPEAT|SPLIT;FBW;FITNESS|24;15|BICEPS| 1) Siedząca na modlitewniku, łokieć wsparty na pulpicie, plecy wyprostowane. 2) Ramię nie biorące udziału w ćwiczeniu jest oparte o pulpit, zapewniając równowagę. 3) Dłoń trzymająca obciążenie jest zgięta w łokciu, nadgarstek przy brodzie. 4) Nogi rozstawione w sposób pozwalający zachować stabilną pozycję.| 1) Utrzymując prawidłową pozycję wyjściową, zainicjuj wdech, a następnie dokładnie i płynnie opuść przedramię z ciężarem. 2) Wraz z wyprostowaniem ramienia oraz rozciągnięciem mięśnia dwugłowego wykonaj ruch powrotny do momentu pełnego napięcia bicepsa. Dłoń powinna być na wysokości barku. Wykonaj głęboki wydech. 3) W celu pełnego skurczu mięśnia dwugłowego ramienia wznieś mały palec wyżej niż kciuk. 4) Powtórz ruch wyznaczoną ilość razy.| 1) Tempo: 1 sekunda w górę, 2 sekundy w dół. 2) Stopy mocno wciśnij w podłogę. 3) Nie szarp ciężaru. Nie odrywaj łokcia od pulpitu. Pamiętaj o spokojnym odłożeniu ciężaru. 4) Trzymaj głowę w równej linii z plecami. 5) Tylko przedramiona są ruchome. 6) Plecy są wyprostowane. 7) Bądź skoncentrowany.|zginanie_przedramienia_z_hantlem_na_modlitewniku.mp4
Zginanie przedramion w wąskim chwycie ze sztangą stojąc|REPEAT|SPLIT;FBW;FITNESS|14|BICEPS| 1) Pozycja stojąca, plecy proste, sztanga trzymana wąsko podchwytem.2) Stopy na szerokość barków.3) Pełne ustabilizowanie łokci, które znajdują się możliwie jak najbliżej tułowia.| 1) Weź wdech. Utrzymując prawidłową pozycję wyjściową, wykonaj mocne ugięcie ramion w łokciach do momentu szczytowego napięcia bicepsa, sztanga powinna znajdować się na wysokości barków. Utrzymaj stałe napięcie mięśni.2) Utrzymaj maksymalnie napięty biceps przez ułamek sekundy, w szczytowym momencie ruchu wykonaj wydech, a następnie powolnym ruchem opuść przedramiona.3) Wykonaj wyznaczoną liczbę powtórzeń.| 1) Tempo: 1 sekunda w górę, 2 sekundy w dół. 2) Stopy mocno zaprzyj o podłogę. Zadbaj o zachowanie prostej postawy ciała. 3) Napnij mięśnie brzucha w celu dodatkowej stabilizacji odcinka lędźwiowego kręgosłupa. 4) Nie szarp ciężaru. Zarówno łokcie, jak i ramiona są unieruchomione. 5) Tylko przedramiona są ruchome. 6) Unikaj zginania pleców i bujania tułowiem. 7) Bądź skoncentrowany.|zgiananie_przedramion_w_waskim_chwycie_ze_sztanga_stojac.mp4
Zginanie przedramion z drążkiem wyciągu dolnego na modlitewniku|REPEAT|SPLIT;FBW;FITNESS|24;22|BICEPS| 1) Pozycja siedząca na modlitewniku twarzą do wyciągu, łokcie rozstawione na szerokość barków wspierają się o oparcie, ramiona równolegle do siebie, plecy wyprostowane. 2) Pełne ustabilizowanie łokci. 3) Drążek trzymany podchwytem. 4) Nogi rozstawione w sposób pozwalający zachować stabilną pozycję.| 1) Utrzymując prawidłową pozycję wyjściową, weź głęboki wdech i wykonaj mocne zgięcie przedramion w pełnym zakresie ruchu. Staraj się nie przekraczać przedramionami pionowej linii, by nie obciążać bicepsa.2) Utrzymaj maksymalnie napięty biceps przez ułamek sekundy. W szczytowym momencie ruchu wykonaj wydech powietrza. Następnie powolnym ruchem opuść przedramiona.3) Nie wykonuj przeprostu łokci.4) Wykonaj wyznaczoną liczbę powtórzeń.| 1) Tempo: 1 sekunda w górę, 2 sekundy w dół. 2) Stopy mocno wciśnij w podłogę. 3) Nie szarp ciężaru. Nie odrywaj łokci od pulpitu. Pamiętaj o spokojnym odłożeniu ciężaru. 4) Trzymaj głowę w równej linii z plecami. 5) Tylko przedramiona są ruchome. 6) Plecy są wyprostowane. 7) Bądź skoncentrowany.|zginanie_przedramion_z_drazkiem_wyciagu_dolnego_na_modlitewniku.mp4
Zginanie przedramion z gryfem wyciągu górnego leżąc na ławce|REPEAT|SPLIT;FBW;FITNESS|8;3|BICEPS| 1) Pozycja leżąca na ławeczce płaskiej.2) Pełne ustabilizowanie łokci, które powinny znajdować się prostopadle do podłoża.3) Ramiona trzymane równolegle.| 1) Utrzymując prawidłową pozycję wyjściową i przytrzymując ramiona nieruchomo, wykonaj mocne ugięcie przedramion do momentu, aż gryf znajdzie się na wysokości czoła. Utrzymuj stałe napięcie mięśni.2) Utrzymaj maksymalnie napięty biceps przez ułamek sekundy, w szczytowym momencie ruchu wykonaj wydech.3) Następnie powolnym ruchem pozwól na rozciągnięcie ramienia i powrót uchwytu ku górze. 4) Wykonaj wyznaczoną liczbę powtórzeń.| 1) Tempo: 1 sekunda w górę, 2 sekundy w dół. 2) Stopy mocno oparte o podłogę. 3) Nie szarp ciężaru. Nie odrywaj łokci. Pamiętaj o spokojnym odłożeniu ciężaru. 4) Tylko przedramiona są ruchome. 5) Bądź skoncentrowany.|zginanie_przedramion_z_gryfem_wyciagu_gornego_lezac_na_lawce.mp4
Zginanie przedramion z hantlami w chwycie młotkowym|REPEAT|SPLIT;FBW;FITNESS|15|BICEPS| 1) Pozycja stojąca z ustabilizowaną sylwetką i spiętymi mięśniami brzucha.2) Pełne ustabilizowanie łokci, które powinny znajdować się możliwie jak najbliżej tułowia.3) Hantelki trzymane chwytem młotkowym.| 1) Utrzymując prawidłową pozycję wyjściową, wykonaj mocne zgięcie przedramion w pełnym zakresie ruchu, połączone z wydechem powietrza. Utrzymuj stałe napięcie mięśni.2) Utrzymaj maksymalnie napięty biceps przez ułamek sekundy w szczytowym momencie ruchu, a następnie powolnym ruchem opuść przedramiona, wykonując płynny wdech.3) Wykonaj wyznaczoną liczbę powtórzeń.| 1) Tempo: 1 sekunda w górę, 2 sekundy w dół. 2) Stopy mocno wciśnij w podłogę. 3) Nie ruszaj biodrami podczas ruchu. 4) Nie szarp ciężaru. Nie odrywaj łokci. Pamiętaj o spokojnym odłożeniu ciężaru. 5) Trzymaj głowę w równej linii z plecami. 6) Tylko przedramiona są ruchome. 7) Bądź skoncentrowany.|zginanie_przedramion_w_chwycie_mlotkowym.mp4
Zginanie przedramion w chwycie młotkowym siedząc na ławce|REPEAT|SPLIT;FBW;FITNESS|15|BICEPS| 1) Pozycja siedząca na ławce z oparciem ustawionym pod kątem 75°, ramiona swobodnie opuszczone, tak by znajdowały się prostopadle do podłoża.2) Pełne ustabilizowanie lekko cofniętych łokci. Łokcie powinny znajdować się możliwie jak najbliżej tułowia.3) Hantelki trzymane chwytem młotkowym.| 1) Utrzymując prawidłową pozycję wyjściową, wykonaj wdech oraz mocne zgięcie przedramion w pełnym zakresie ruchu.2) Utrzymaj maksymalnie napięty biceps przez ułamek sekundy w szczytowym momencie ruchu, a następnie powolnym ruchem opuść przedramiona, równocześnie nabierając powietrza.3) Wykonaj wyznaczoną liczbę powtórzeń.| 1) Tempo: 1 sekunda w górę, 2 sekundy w dół.2) Stopy mocno wciśnięte w podłogę.3) Nie szarp ciężaru. Nie odrywaj łokci. Pamiętaj o spokojnym odłożeniu ciężaru.4) Trzymaj głowę w równej linii z plecami.5) Tylko przedramiona są ruchome.6) Bądź skoncentrowany.|zginanie_przedramion_w_chwycie_mlotkowym_siedzac_na_laweczce.mp4
Zginanie przedramion z gryfem łamanym na modlitewniku|REPEAT|SPLIT;FBW;FITNESS|17;24|BICEPS| 1) Pozycja siedząca na modlitewniku, łokcie rozstawione na szerokość barków wspierają się o oparcie, ramiona równolegle do siebie, plecy wyprostowane.2) Pełne ustabilizowanie łokci.3) Gryf trzymany podchwytem.4) Nogi rozstawione w sposób pozwalający zachować stabilną pozycję.| 1) Utrzymując prawidłową pozycję wyjściową, weź głęboki wdech i wykonaj mocne zgięcie przedramion w pełnym zakresie ruchu. Staraj się nie przekraczać przedramionami pionowej linii, odciążając biceps.2) Utrzymaj maksymalnie napięty biceps przez ułamek sekundy w szczytowym momencie ruchu, następuje zrób wydech i powolnym ruchem opuść przedramiona.3) Nie wykonuj przeprostu łokci.4) Wykonaj zadaną liczbę powtórzeń.| 1) Tempo: 1 sekunda w górę, 2 sekundy w dół. 2) Stopy mocno wciśnij w podłogę. 3) Nie szarp ciężaru. Nie odrywaj łokci od pulpitu. Pamiętaj o spokojnym odłożeniu ciężaru. 4) Trzymaj głowę w równej linii z plecami. 5) Tylko przedramiona są ruchome. 6) Plecy są wyprostowane. 7) Bądź skoncentrowany.|zginanie_przedramion_z_gryfem_lamanym_na_modlitewniku.mp4
Zginanie przedramion na zewnątrz siedząc na ławce 75 stopni|REPEAT|SPLIT;FBW;FITNESS|15;4|BICEPS| 1) Siedząca na ławeczce pochylonej do 75 stopni, z kręgosłupem dociśniętym do oparcia na całej jego długości. 2) Pełne ustabilizowanie łokci, które znajdują się możliwie jak najbliżej tułowia. 3) Sztangielki trzymane podchwytem, dłoń zwrócona do góry, kciuki skierowane na zewnątrz.| 1) Utrzymując prawidłową pozycję wyjściową i przytrzymując ramiona nieruchomo, wykonaj wdech i ugnij ramiona w łokciach, prowadząc ruch na bok i utrzymując stałe napięcie mięśni. 2) Przytrzymaj maksymalnie napięty biceps w szczytowym momencie, w którym hantle są na wysokości barków. Zainicjuj wydech, a następnie powolnym ruchem opuść przedramiona. 3) Wykonaj wyznaczoną liczbę powtórzeń.| 1) Tempo: 1 sekunda w górę, 2 sekundy w dół. 2) Stopy mocno zaparte o podłogę. 3) Nie szarp ciężaru. Nie odrywaj łokci. Pamiętaj o spokojnym odłożeniu ciężaru. 4) Trzymaj głowę w równej linii z plecami. 5) Wykonując ćwiczenie na ławeczce, zadbaj o wsparcie dla kręgosłupa, mocno dociskając plecy do oparcia ławeczki. 6) Bądź skoncentrowany.|bicepsy_w_lezeniu_na_laweczce.mp4
Zginanie przedramion z liną z wyciągu dolnego stojąc|TIME|SPLIT;FBW;FITNESS|22|BICEPS| 1) Pozycja stojąca przodem do wyciągu dolnego (odległość jednej stopy), z ustabilizowaną sylwetką, spiętymi mięśniami brzucha, plecy wyprostowane. 2) Pełne ustabilizowanie łokci, które znajdują się możliwie jak najbliżej tułowia. 3) Lina trzymana chwytem neutralnym, przedramię w pozycji pośredniej.| 1) Utrzymując prawidłową pozycję wyjściową, weź głęboki wdech i wykonaj mocne zgięcie przedramion w pełnym zakresie ruchu.2) Utrzymaj maksymalnie napięty biceps przez ułamek sekundy. W szczytowym momencie ruchu wykonaj wydech. Następnie powolnym ruchem opuść przedramiona.3) Nie wykonuj przeprostu łokci.4) Wykonaj zadaną liczbę powtórzeń.| 1) Tempo: 1 sekunda w górę, 2 sekundy w dół. 2) Stopy mocno wciśnięte w podłogę. 3) Nie ruszaj biodrami podczas ruchu. 4) Nie szarp ciężaru. Nie odrywaj łokci. Pamiętaj o spokojnym odłożeniu ciężaru. 5) Trzymaj głowę w równej linii z plecami. 6) Tylko przedramiona są ruchome. 7) Plecy są wyprostowane. 8) Bądź skoncentrowany.|zginanie_przedramion_z_lina_z_wyciagu_dolnego_stojac.mp4
Zginanie przedramion ze sztangą łamaną stojąc|TIME|SPLIT;FBW;FITNESS|17|BICEPS| 1) Pozycja stojąca, plecy proste, sztanga trzymana wąsko podchwytem.2) Stopy na szerokość barków.3) Pełne ustabilizowanie łokci, które znajdują się możliwie jak najbliżej tułowia.| 1) Weź wdech, utrzymując prawidłową pozycję wyjściową, wykonaj mocne ugięcie ramion w łokciach ze sztangą do momentu szczytowego napięcia bicepsa, w którym sztanga powinna znajdować się na wysokości barków. Utrzymaj stałe napięcie mięśni.2) Utrzymaj maksymalnie napięty biceps przez ułamek sekundy, w szczytowym momencie ruchu wykonaj wydech, a następnie powolnym ruchem opuść przedramiona.3) Wykonajwyznaczoną liczbę powtórzeń.| 1) Tempo: 1 sekunda w górę, 2 sekundy w dół. 2) Stopy mocno zaprzyj o podłogę, dbając o zachowanie prostej postawy ciała. 3) Napnij mięśnie brzucha w celu dodatkowej stabilizacji odcinka lędźwiowego kręgosłupa. 4) Nie szarp ciężaru. Nie odrywaj łokci. Pamiętaj o spokojnym odłożeniu ciężaru. 5) Tylko przedramiona są ruchome. 6) Bądź skoncentrowany.|zginanie_przedramion_ze_sztanga_lamana_stojac.mp4
Zginanie przedramion z hantlem w opadzie tułowia|TIME|SPLIT;FBW;FITNESS|15|BICEPS| 1) W pozycji stojącej wykonaj opad tułowia2) Pozwól, aby ramię, które będzie wykonywać ćwiczenie, było swobodnie opuszczone do podłogi. Łokieć pozostaw skierowany na zewnątrz, drugie ramię oparte na kolanie.| 1) Weź wdech, utrzymując prawidłową pozycję wyjściową i przytrzymując ramię nieruchomo, wykonaj ugięcie w łokciu i unieś przedramię. 2) Utrzymaj maksymalnie napięty biceps przez ułamek sekundy, a w szczytowym momencie ruchu, w którym dłoń jest skierowana do góry na wysokości barku, wykonaj wydech.3) Następnie powolnym ruchem opuść przedramię. W końcowej fazie ruchu wykonaj płynny wdech.| 1) Tempo: 1 sekunda w górę, 2 sekundy w dół.2) Stopy mocno oparte o podłogę. Zadbaj o zachowanie prostych pleców.3) Nie szarp ciężaru. Pamiętaj o spokojnym odłożeniu ciężaru.4) Tylko przedramiona są ruchome.5) Bądź skoncentrowany.|zginanie_przedramion_z_hantlem_w_opadzie_tulowia.mp4
Zginanie przedramienia z hantlem – łokieć oparty na udzie|TIME|SPLIT;FBW;FITNESS|15|BICEPS| 1) Pozycja siedząca na ławeczce, nogi ustawione szeroko.2) Tułów w opadzie, ramię ćwiczące oparte łokciem o wewnętrzną część uda.3) Ramie niećwiczące podparte na kolanie przeciwnej nogi.| 1) Utrzymując prawidłową pozycję wyjściową, wykonaj wdech i mocne zgięcie ramienia w łokciu w pełnym zakresie ruchu, zachowując stałe napięcie mięśni.2) Przytrzymaj maksymalnie napięty biceps przez ułamek sekundy w szczytowym momencie ruchu, następnie powolnym ruchem opuść przedramię. 3) W końcowej fazie ruchu wykonaj wydech. 4) Wykonaj zadaną liczbę powtórzeń.| 1) Tempo: 1 sekunda w górę, 2 sekundy w dół.2) Stopy mocno wciśnięte w podłogę.3) Unikaj dynamicznego rozpędzania hantla i „wahadła”.4) Nie szarp ciężaru. Pamiętaj o spokojnym odłożeniu ciężaru.5) Tylko przedramiona są ruchome.6) Bądź skoncentrowany.|zginanie_przedramienia_z_hantlem_lokiec_oparty_na_udzie.mp4
Zginanie przedramion z hantlami z rotacją nadgarstka siedząc na ławce 90 stopni|TIME|SPLIT;FBW;FITNESS|15;4|BICEPS| 1) Siedząc na ławce z oparciem 90 stopni, opuść swobodnie ramiona tak, aby były prostopadłe do podłoża.2) Łokcie znajdują się możliwie jak najbliżej tułowia.3) Sztangielki trzymane chwytem młotkowym (chwyt neutralny).| 1) Utrzymując prawidłową pozycję wyjściową i przytrzymując ramiona nieruchomo, wykonaj wdech oraz ugięcie ramion w łokciu wraz z półobrotem nadgarstka na zewnątrz. 2) Utrzymaj maksymalnie napięty biceps przez ułamek sekundy, w szczytowym momencie ruchu podnieś łokieć w celu dopięcia mięśnia dwugłowego. Wykonaj wydech, a następnie powolnym ruchem opuść przedramiona.3) Wykonaj wyznaczoną liczbę powtórzeń.| 1) Tempo: 1 sekunda w górę, 2 sekundy w dół.2) Stopy mocno zaparte o podłogę.3) Nie szarp ciężaru. Nie odrywaj łokci. Pamiętaj o spokojnym odłożeniu ciężaru.4) Trzymaj głowę w równej linii z plecami.5) Bądź skoncentrowany.|zginanie_przedramion_z_hantlami_z_rotacja_nadgarstka_siedzac_na_lawce_90_stopni.mp4
Zginanie przedramion z drążkiem wyciągu dolnego stojąc|TIME|SPLIT;FBW;FITNESS|22|BICEPS| 1) Pozycja stojąca przodem do wyciągu dolnego (odległość jednej stopy), z ustabilizowaną sylwetką i spiętymi mięśniami brzucha i pośladkami. Plecy wyprostowane.2) Łokcie znajdują się możliwie jak najbliżej tułowia.3) Gryf prosty lub łamany trzymany podchwytem (kciuki skierowane do góry).| 1) Utrzymując prawidłową pozycję wyjściową, weź głęboki wdech i wykonaj mocne zgięcie przedramion w pełnym zakresie ruchu. Staraj się nie przekraczać przedramionami pionowej linii, odciążając biceps.2) Przytrzymaj maksymalnie napięty biceps przez ułamek sekundy. W szczytowym momencie ruchu wykonaj wydech powietrza. Następnie powolnym ruchem opuść przedramiona.3) Wykonaj zadaną liczbę powtórzeń.| 1) Tempo: 1 sekunda w górę, 2 sekundy w dół. 2) Stopy mocno wciśnij w podłogę. 3) Nie ruszaj biodrami podczas ruchu. 4) Nie szarp ciężaru. Nie odrywaj łokci. Pamiętaj o spokojnym odłożeniu ciężaru. 5) Trzymaj głowę w równej linii z plecami. 6) Tylko przedramiona są ruchome. 7) Plecy wyprostowane. 8) Bądź skoncentrowany.|zginanie_przedramion_z_drazkiem_wyciagu_dolnego_stojac.mp4
Zginanie przedramion ze sztangą stojąc|TIME|SPLIT;FBW;FITNESS|14|BICEPS| 1) Pozycja stojąca, plecy proste, sztanga trzymana podchwytem.2) Pełne ustabilizowanie łokci, które znajdują się możliwie jak najbliżej tułowia.3) Dłonie rozstawione na szerokość nieco większą niż rozstaw barków.| 1) Utrzymując prawidłową pozycję wyjściową i przytrzymując ramiona nieruchomo, wykonaj ugięcie ramion w łokciach ze sztangą do momentu szczytowego napięcia bicepsa, w którym sztanga powinna znajdować się na wysokości barków. Utrzymuj stałe napięcie mięśni.2) Przytrzymaj maksymalnie napięty biceps przez ułamek sekundy, w szczytowym momencie ruchu wykonaj wydech, a następnie powolnym ruchem opuść przedramiona.3) Wykonaj wyznaczoną liczbę powtórzeń.| 1) Tempo: 1 sekunda w górę, 2 sekundy w dół.2) Stopy mocno zaparte opodłogę. Zadbaj o zachowanie prostej postawy ciała.3) Napnij mięśnie brzucha i pośladków w celu dodatkowej stabilizacji odcinka lędźwiowego kręgosłupa.4) Nie szarp ciężaru. Nie odrywaj łokci. Pamiętaj o spokojnym odłożeniu ciężaru.5) Tylko przedramiona są ruchome.6) Bądź skoncentrowany.|zginanie_przedramion_ze_sztanga_stojac.mp4
