Wspięcia na palce jednonóż z hantlami|REPEAT|SPLIT;FITNESS;CARDIO|6|CALVES|1) Pozycja stojąca, plecy wyprostowane, ramię wzdłuż tułowia, sztangielka w dłoni.2) Stopy ustawione na podwyższeniu, wolna ręka utrzymuje równowagę.|1) W pozycji stojącej na podwyższeniu unieś jedną nogę w górę. 2) Pięta nogi, na której stoisz, powinna być mocno obniżona, a mięśnie łydki maksymalnie rozciągnięte. 3) Energicznym ruchem wykonaj wspięcie na palce i zatrzymaj ruch w maksymalnym punkcie. 4) Następnie powolnym, kontrolowanym ruchem opuść piętę aż do maksymalnego rozciągnięcia.| 1) Jako podwyższenie możesz użyć ciężaru. 2) Przednia część podeszwy stopy stabilnie ustawiona na podwyższeniu.3) Przy każdym powtórzeniu należy wykonać pełne zgięcie stopy, aby w pełni rozciągnąć mięśnie.4) Bądź skoncentrowany.|wspiecia_na_palce_jednonoz_z_hantlami.mp4
Wspięcia na palcach w pozycji siedzącej ze sztangą ułożoną na kolanach|REPEAT|SPLIT;FITNESS;CARDIO|6;14|CALVES| 1) Pozycja siedząca, nogi ugięte w kolanach, sztanga ustawiona na mięśniach czworogłowych, tuż nad stawem kolanowym.2) Przednia część stóp na podwyższeniu. Pięty opuszczone, kostki w pasywnym zgięciu.| 1) Z pozycji, w której stopa jest mocno zadarta do góry, pięta skrajnie obniżona, palce wskazują sufit, a łydka jest mocno rozciągnięta, odpychaj się od podwyższenia poprzez mocne wspięcie na palce i napięcie łydek. Unieś pięty maksymalnie w górę. 2) Po krótkim utrzymaniu łydki w maksymalnym napięciu opuść pięty poniżej poziomu palców, ponownie rozciągając łydkę.3) Wykonaj wyznaczoną liczbę powtórzeń.| 1) Jako podwyższenie możesz użyć ciężaru. 2) Przednia część podeszwy stopy stabilnie ustawiona na podwyższeniu.3) Przy każdym powtórzeniu należy wykonać pełne zgięcie stopy, aby w pełni rozciągnąć mięśnie.4) Uczucie „pieczenia” jest charakterystyczne dla ćwiczeń mięśni podudzia.|wspiecia_na_palce_w_pozycji_siedzacej_ze_sztanga_ulozona_na_kolanach.mp4
Wspięcia na palcach siedząc z użyciem sztangielki|REPEAT|SPLIT;FITNESS;CARDIO|6;15|CALVES| 1) Ustaw podwyższenie na wprost ławki płaskiej.2) Usiądź na ławce płaskiej, oprzyj palce oraz śródstopie na wcześniej przygotowanym stopniu.3) Połóż sztangielki na kolanach.| 1) Z pozycji, w której stopa jest mocno zadarta, palce wskazują sufit, a łydka jest mocno rozciągnięta, odepchnij się od stepu poprzez mocne wspięcie na palce i napięcie łydki.2) Po krótkim utrzymaniu łydki w maksymalnym napięciu opuszczaj pięty poniżej poziomu palców, ponownie rozciągając łydkę i wykonując wydech.3) Wykonaj wyznaczoną liczbę powtórzeń.| 1) Jako podwyższenie możesz użyć ciężaru. 2) Tempo: 1 sekunda w górę, 2 sekundy w dół.3) Przednia część podeszwy stopy stabilnie ustawiona na stepie.4) Uczucie „pieczenia” jest charakterystyczne dla ćwiczeń mięśni podudzia.|wspiecia_na_palce_siedzac_z_uzyciem_sztangielki.mp4
Wspięcia na palcach stojąc z hantlą|REPEAT|SPLIT;FITNESS;CARDIO|6|CALVES| 1) Pozycja stojąca, plecy wyprostowane, ramię wzdłuż tułowia, sztangielka w dłoni.2) Drugie ramię podtrzymuje równowagę.| 1) Z pozycji, w której stopa jest mocno zadarta do góry, pięta skrajnie obniżona, palce wskazują sufit, a łydka jest mocno rozciągnięta, odpychaj się od podwyższenia poprzez mocne wspięcie na palce i napięcie łydek.2) Po krótkim utrzymaniu łydki w maksymalnym napięciu opuszczaj pięty poniżej poziomu palców, ponownie rozciągając łydkę i wykonując wydech.3) Wykonaj wyznaczoną liczbę powtórzeń.| 1) Jako podwyższenie możesz użyć ciężaru. 2) Przednia część podeszwy stopy stabilnie ustawiona na podłodze lub na podwyższeniu.3) Przy każdym powtórzeniu należy wykonać pełne zgięcie stopy, aby w pełni rozciągnąć mięśnie.4) Uczucie „pieczenia” jest charakterystyczne dla ćwiczeń mięśni podudzia.|wspiecia_na_palce_stojac_z_hantlami.mp4
Wspięcia na palcach stojąc ze sztangą trzymaną na plecach|REPEAT|SPLIT;FITNESS;CARDIO|6;14|CALVES| 1) Ustaw sztangę na plecach (górna część mięśnia czworobocznego).2) Nogi w kolanach wyprostowane, należy unikać przeprostu.3) Stań na wcześniej przygotowanym podwyższeniu (step lub szeroki talerz obciążeniowy).| 1) Z pozycji, w której stopa jest mocno zadarta do góry, pięta skrajnie obniżona, palce wskazują sufit, a łydka jest mocno rozciągnięta, odpychaj się od podwyższenia poprzez mocne wspięcie na palce i napięcie łydek.2) Po krótkim utrzymaniu łydki w maksymalnym napięciu, opuszczaj pięty poniżej poziomu palców, ponownie rozciągając łydkę.3) Wykonaj wyznaczoną liczbę powtórzeń.| 1) Jako podwyższenie możesz użyć ciężaru. 2) Ze względów bezpieczeństwa to ćwiczenie warto wykonywać przy stanowisku do przysiadów.3) Przednia część podeszwy stopy stabilnie ustawiona na podwyższeniu.4) Uczucie „pieczenia” jest charakterystyczne dla ćwiczeń mięśni podudzia.|wspiecia_na_palcach_stojac_ze_sztanga_trzymana_na_plecach.mp4
